част,заглавие,точка,категория,критерий,описание,местоположение,приоритет,предложение_за_корекция,confidence
ОБЩО,Цялата книга,B8,Педагогика,Въпроси за самопроверка (MCQ) и OSCE,Няма нито един тестов въпрос (MCQ/SBA) и нито една OSCE станция в целия учебник,Цялата книга,висок,Добавете по 5–10 SBA въпроса с обосновка на верния и грешните отговори и по 1 OSCE станция с рубрика за всяка глава (или отделно приложение „Самопроверка“),0.98
ОБЩО,Цялата книга,C11,Научна точност,Твърденията са подкрепени с референции,"Нито една глава няма списък с литература; в 32 от 81 глави се споменават ръководства (NICE, ESC и др.) само по име, без библиографско описание; твърденията с числа (чувствителност, честоти, прагове) не са цитирани",Всички 81 глави,висок,"Добавете раздел „Литература“ (5–15 източника, Vancouver) в края на всяка глава и цитиране в текста [n] за количествените твърдения",0.98
ОБЩО,Цялата книга,C12,Научна точност,Посочена дата на актуализация,"Няма дата на написване/актуализация нито на книгата, нито на главите; годините на ръководствата се споменават само в 15 глави",README и всички глави,висок,Добавете в края на всяка глава „Последна проверка: ММ.ГГГГ; ръководства: …(година)“ и версия на книгата в README,0.95
ОБЩО,Цялата книга,F27,Визуални материали,"Примери: ЕКГ, рентгенографии, клинични снимки","В учебника няма нито едно изображение (0 ЕКГ, рентгенографии, дерматологични снимки, фундоскопии); за глави, в които диагнозата е визуална (9–11 ЕКГ; 15–18 рентгенография; 55–60, 69 кожа и очи), това е съществен пропуск","Особено гл. 9, 10, 11, 13, 15–18, 45, 55–60, 69, 72",висок,"Добавете лицензирани изображения (напр. от Wikimedia Commons, DermNet с разрешение, собствени) с легенди, източници и alt текст",0.95
ОБЩО,Цялата книга,K45,Консистентност,Еднакви термини в цялата книга,"Двойни съкращения за едно понятие, въведени дори в README: „ДВС / ДИК“ (ДВС в 6 глави, ДИК в гл. 77 и прил. А, Б), „ХББ / ХБЗ“, „NSAID / НСПВС“; „ИПП“ има две значения (инфекция на пикочните пътища и инхибитори на протонната помпа) — като лекарство в гл. 09, 20, 21, 23, 29, 30, 32, 40, 47, 55, Г; като инфекция в 64, 68, 70, 73, 81, А",README (списък със съкращения) и изброените глави,висок,"Едно съкращение на понятие: ДИК, ХБЗ, НСПВС; за инфекцията — „ИПП“, за лекарствата — изписване „инхибитори на протонната помпа“ (или ИПП-лек. → „ИПрП“)",0.95
ОБЩО,Цялата книга,A3,Метаданни и структура,Съдържанието съответства на заглавията и обявената структура,"Обявената в README структура на главата (Въведение, Етиологична класификация, …, Особености в общата практика) не се спазва еднакво: самостоятелен раздел „Червени флагове“ има в 43/81 глави, „Особености в общата практика“/насочване — в 20/81; „Безопасна стратегия“ липсва в 13 и 18",README „Как е организирана всяка глава“ и главите,среден,"Или уеднаквете главите по шаблона, или коригирайте README да отразява реалната (гъвкава) структура",0.9
ОБЩО,Цялата книга,A4,Метаданни и структура,Ключови моменти и „какво да направя в първите 60 секунди“,"Никоя глава няма обособен блок „Ключови моменти“ или чеклист „Какво да направя в първите 60 секунди“; „Клинични перли“ частично покриват ключовите моменти, но не са приоритизирани за спешна ситуация",Всички 81 глави,среден,"Добавете в началото на всяка глава каре „Ключови моменти“ (3–5 точки) и за спешните теми (9, 11, 15, 19, 25, 40, 43, 45, 59, 66–68, 77–79) — „Първите 60 секунди“ (ABCDE, жизнени показатели, кръвна захар, ЕКГ, кога 112)",0.95
ОБЩО,Цялата книга,A5,Метаданни и структура,"Указател, речник и списък със съкращения","Има указател (Е, 227 термина) и списък със съкращения (README, 58 термина), но няма речник на термините; списъкът със съкращения е непълен — 15 съкращения се използват без дефиниция в 24 глави (най-често „КК“ — 10 глави; също НОАК, ТТП, ХУС, ТМА, МДС, АЛС, ТМС, РЗИ и др. — вж. I37 по глави)","README, приложение Е",среден,Добавете приложение „Речник“ с кратки дефиниции и допълнете списъка със съкращения чрез автоматична проверка,0.9
ОБЩО,Цялата книга,B6,Педагогика,Цели в началото и обобщение в края,"Всички глави имат цели, но нито една няма обобщение в края, което да отговаря на целите (кръгова структура цел → резюме)",Всички 81 глави,среден,"Добавете раздел „Обобщение“ (5–7 изречения), съотнесен към всяка цел",0.95
ОБЩО,Цялата книга,B7,Педагогика,Клинични случаи с прогресивно разкриване,"Всяка глава има по един клиничен случай, но той е представен наведнъж (цялата информация, вкл. резултатите, преди въпросите) — няма прогресивно разкриване (анамнеза → въпрос → преглед → въпрос → изследвания)",Раздел „Клиничен случай“ във всички глави,среден,Разделете случаите на 3–4 етапа с въпрос след всеки; изнесете отговорите след края на случая,0.9
ОБЩО,Цялата книга,B10,Педагогика,Упражнения за практика,"Упражненията се свеждат до 2 въпроса към единствения случай; няма задачи за самостоятелна работа (изчисляване на скали, тълкуване на изследвания, съставяне на диференциална диагноза)",Всички 81 глави,среден,"Добавете 2–3 упражнения на глава (напр. „изчислете Wells и решете за D-димер“, „подредете диференциалната диагноза по вероятност“)",0.9
ОБЩО,Цялата книга,C13,Научна точност,Класове на препоръки / нива на доказателства,"Не се посочват класове на препоръки / нива на доказателства (ESC I–III/A–C, GRADE) за нито една препоръка; само гл. 1 обяснява понятието",Всички клинични глави,среден,За ключовите диагностични препоръки добавете клас/ниво на доказателство по източника (напр. „[ESC I-A]“) и легенда в README,0.95
ОБЩО,Цялата книга,D18,Безопасност,Дозите са проверени и съответстват на ръководствата,"Спешни лекарства се препоръчват без дози на няколко места: бензилпеницилин (гл. 69, 77), ацикловир при енцефалит (гл. 40, 75), тиамин i.v. (гл. 75, 76), налоксон и атропин (гл. 79), натриев бикарбонат (гл. 79). Там, където дози са дадени (адреналин 0,5 mg i.m. и детски дози — гл. 78; дексаметазон 0,15 mg/kg — гл. 71; аспирин 300 mg — гл. 45), те съответстват на ръководствата",Изброените глави,среден,"Или добавете дозите за първите минути (с източник), или изрично насочете към национален протокол/приложение „Спешни дози“",0.85
ОБЩО,Цялата книга,F24,Визуални материали,Легенди и източници на фигурите,"Всички 81 диагностични алгоритъма (Mermaid) нямат номер, надпис (легенда) и посочен източник/адаптация",Раздел „Диагностичен алгоритъм“ във всички глави,среден,"Добавете над всяка схема „Фигура N.x. … (адаптирано по: NICE NGxx, 20xx)“",0.95
ОБЩО,Цялата книга,F26,Визуални материали,Алтернативен текст,Нито една от 81-те схеми няма алтернативен текст (Mermaid accTitle/accDescr); за четци на екран алгоритмите са недостъпни,Всички глави,среден,Добавете accTitle и accDescr към всеки mermaid блок и текстово описание на алгоритъма под него,0.98
ОБЩО,Цялата книга,H33,Етика и GDPR,Декларация за конфликт на интереси,"Няма декларация за конфликт на интереси, авторски колектив или рецензенти; README само отбелязва, че текстът е създаден с помощта на ИИ и изисква рецензиране","README, раздел „Важно“",среден,"Добавете раздел „Автори, рецензенти и конфликт на интереси“ с декларации",0.95
ОБЩО,Цялата книга,H34,Етика и GDPR,Авторски права,"Възпроизведени/перифразирани са скали с авторски права без бележка за права (Clinical Frailty Scale — вж. В); MMSE и MoCA са само споменати (правилно). Мнемониките и критериите на ръководства (NICE „светофар“, NEWS2) са преразказани — NEWS2 (© RCP) е възпроизведен като пълна таблица в гл. 77",Приложение В 11.1; гл. 77 раздел 1.2; гл. 68 раздел 2,среден,"Добавете бележки за авторските права и източника („Адаптирано по … ©…“) и проверете условията за възпроизвеждане: CFS изисква лиценз от Dalhousie University; NEWS2 (© Royal College of Physicians) — условията на RCP; съдържанието на NICE е под лиценз, валиден само за Обединеното кралство, извън него — разрешение от NICE",0.7
ОБЩО,Цялата книга,J40,Форматиране и достъпност,Таблици с надписи и единици,Нито една от 482-те таблици няма номер и надпис; единиците често са в клетките вместо в заглавния ред,Всички глави и приложения,среден,Добавете „Таблица N.x. …“ над всяка таблица и изнесете единиците в заглавията на колоните,0.95
ОБЩО,Цялата книга,J41,Форматиране и достъпност,Валиден EPUB/PDF,Няма EPUB/PDF версия; съществува само Markdown в хранилище (Mermaid се изобразява само в GitHub),Цялата книга,среден,"Генерирайте EPUB 3 и PDF/UA (напр. Pandoc + mermaid-filter), валидирайте с EPUBCheck и PAC",0.95
ОБЩО,Цялата книга,J42,Форматиране и достъпност,Достъпност (WCAG),"Достъпност: липсва alt текст за схемите, таблиците нямат надписи и заглавни клетки с обхват; цветови кодове (светофар) без текстови дубликати на места; йерархията на заглавията е нарушена (J39)",Цялата книга,среден,"Приложете WCAG 2.2 AA: alt текст, надписи, правилна йерархия; проверка с axe/PAC",0.85
ОБЩО,Цялата книга,L46,Поддръжка,Политика за актуализация,"Няма политика за актуализация (цикъл на преглед, кой отговаря, как се отбелязват промените), няма номер на версия/издание и дневник на промените",README,среден,"Добавете раздел „Версии и актуализация“: версия, дата, цикъл на преглед (напр. ежегодно + при ново ръководство), CHANGELOG",0.95
ОБЩО,Цялата книга,L47,Поддръжка,Контакти за обратна връзка,"Няма контакт за обратна връзка и докладване на грешки (e-mail, GitHub Issues, редактор)",README,среден,Добавете „Обратна връзка и грешки“ с адрес/форма и шаблон за докладване,0.95
ОБЩО,Цялата книга,B9,Педагогика,Обозначено ниво на трудност,"Целевата аудитория е обявена общо (студенти, специализанти, ОПЛ), но нивото на трудност не е маркирано на ниво глава/раздел",README; всички глави,нисък,Маркирайте разделите като „основно“ / „напреднало“ или посочете нивото в началото на главата,0.8
ОБЩО,Цялата книга,F25,Визуални материали,Разделителна способност ≥ 300 dpi или векторни,Схемите са векторни (Mermaid → SVG) — критерият е изпълнен; растерни изображения няма,Всички глави,нисък,Няма нужда от корекция; при печатно издание експортирайте в SVG/PDF,0.9
ОБЩО,Цялата книга,G31,Референции,Проверка за плагиатство,"Проверка за плагиатство не е извършена с външен инструмент (недостъпен в средата); текстът е оригинален по формулировка, но структурата „безопасна диагностична стратегия“ е изрично призната като заимствана от Murtagh",Цялата книга,нисък,Пуснете проверка с iThenticate/Turnitin преди издаване; запазете изричното позоваване на Murtagh,0.5
ОБЩО,Цялата книга,H32,Етика и GDPR,Съгласие за снимки на пациенти,Няма клинични снимки на пациенти — изискването за информирано съгласие не е приложимо към момента (ще стане приложимо при добавяне на изображения по F27),—,нисък,"При добавяне на снимки: писмено съгласие, деидентификация, бележка в легендата",0.9
ОБЩО,Цялата книга,J39,Форматиране и достъпност,Единен стил на оформление,Непоследователна йерархия на заглавията: в 25 глави главните части („## А. СЪРБЕЖ“) са на същото ниво H2 като номерираните раздели („## 1. …“) и са изписани с главни букви,"Гл. 06, 07, 13, 18, 21, 23, 26–30, 33, 34, 36, 38, 39, 43, 50, 56, 58, 61–64, 67",нисък,Части → H2 в обикновен регистър; номерираните раздели → H3,0.9
02,"Глава 2. Анамнеза, физикален преглед и рационално използване на изследванията",I37,Език,Съкращенията са дефинирани при първа употреба,„КК“ (креатинкиназа) се използва без дефиниция и липсва в списъка със съкращения.,Текст/таблици,нисък,Добавете „КК — креатинкиназа“ в README и изпишете при първа употреба.,0.95
03,Глава 3. Диагностика в общата практика и при специални групи пациенти,K44,Консистентност,Работещи кръстосани препратки,Препратката за неутропенията („подробности: глава 80“) е към главата за пътуване/имуносупресия; основното изложение е в гл. 33 и 77.,Специални групи — имунокомпрометирани,нисък,Добавете „вж. глави 33 и 77“.,0.8
03,Глава 3. Диагностика в общата практика и при специални групи пациенти,C14,Научна точност,Липса на фактологични грешки,"Времевата линия при менингококова болест е неточна: според проучването на Thompson (Lancet 2006) класическите белези се появяват средно на 13–22-ия час, а не „след 12–15 часа“.",7. Клиничен случай — Обсъждане,нисък,"Заменете с „средно между 13-ия и 22-ия час (Thompson et al., 2006)“ и цитирайте източника.",0.8
03,Глава 3. Диагностика в общата практика и при специални групи пациенти,I35,Език,Граматика и правопис,"Пациентът е наречен „студент“, а по-долу „ученикът“ — несъответствие в случая.",7. Клиничен случай,нисък,Заменете „ученикът“ със „студентът“.,0.95
03,Глава 3. Диагностика в общата практика и при специални групи пациенти,K43,Консистентност,Липса на противоречия между главите,"Долните граници на Hb при бременност са „110 g/l в I и 105 g/l във II–III триместър“ (NICE), а в Приложение А са „110 g/l в I и III, 105 g/l във II триместър“ (CDC/СЗО) — вътрешно противоречие.",3.3. Бременни — таблица,нисък,Изберете една дефиниция (напр. NICE) и я уеднаквете в Приложение А с посочен източник.,0.9
03,Глава 3. Диагностика в общата практика и при специални групи пациенти,K43,Консистентност,Липса на противоречия между главите,Таблицата с нормални жизнени показатели при деца (по APLS) се различава от таблиците в гл. 71 и Приложение А (напр. дихателна честота 2–5 г.: 25–30 срещу 20–30/min; систолно АН).,3.1. Деца — таблица,нисък,Използвайте една референтна таблица (APLS/EPALS) в цялата книга и препращайте към нея.,0.85
04,Глава 4. Треска и треска с неясен произход,I37,Език,Съкращенията са дефинирани при първа употреба,„КК“ (креатинкиназа) се използва без дефиниция и липсва в списъка със съкращения.,Текст/таблици,нисък,Добавете „КК — креатинкиназа“ в README и изпишете при първа употреба.,0.95
04,Глава 4. Треска и треска с неясен произход,I36,Език,Последователна терминология,„Лаймска борелиоза“ в тази глава срещу „Лаймска болест“ в 10 други глави.,Таблица със зоонози,нисък,Уеднаквете към „Лаймска болест (борелиоза)“ при първа употреба и „Лаймска болест“ нататък.,0.9
04,Глава 4. Треска и треска с неясен произход,I36,Език,Последователна терминология,"„Дурман“ (русизъм) за Datura stramonium, докато в гл. 75 и 79 се използва българското „татул“.",1.1. Таблица — антихолинергичен токсидром,нисък,Заменете с „татул (Datura stramonium)“.,0.9
04,Глава 4. Треска и треска с неясен произход,I36,Език,Последователна терминология,"„Сакроилеит“ (гл. 4 и др.) срещу „сакроилиит“ (гл. 80, Приложение В) — непоследователен правопис.",Таблица на ендемичните инфекции; клиничен случай,нисък,Уеднаквете към една форма (препоръчително „сакроилеит“).,0.85
06,Глава 6. Промени в телесното тегло,D17,Безопасност,Ясни критерии кога да се насочи пациентът,Няма отделен раздел за насочване (обещан в README като „Особености в общата практика“); критериите са само в текста/алгоритъма.,Структура на главата,среден,Добавете таблица „Насочване: спешно (същия ден) / бързо (до 2 седмици) / планово“.,0.8
06,Глава 6. Промени в телесното тегло,C14,Научна точност,Липса на фактологични грешки,"Прагът за риск от рак при загуба на тегло е опростен: по Nicholson et al. (BMJ 2018) PPV > 3% е при мъже ≥ 50 и жени ≥ 60 години (пушенето увеличава риска), а текстът казва „мъже над 50 години и пушачи“.",1. Определение и значение,нисък,Формулирайте „мъже ≥ 50 и жени ≥ 60 години (по-висок при пушачи)“ и цитирайте източника.,0.75
08,Глава 8. Отоци,I37,Език,Съкращенията са дефинирани при първа употреба,Съкращението „ЮВН“ не е дефинирано в главата и липсва в списъка със съкращения.,Алгоритъм/таблица,нисък,Изпишете термина при първа употреба и добавете „ЮВН“ в README.,0.9
10,Глава 10. Сърцебиене и ритъмни нарушения,D17,Безопасност,Ясни критерии кога да се насочи пациентът,Няма отделен раздел за насочване (обещан в README като „Особености в общата практика“); критериите са само в текста/алгоритъма.,Структура на главата,среден,Добавете таблица „Насочване: спешно (същия ден) / бързо (до 2 седмици) / планово“.,0.8
11,Глава 11. Синкоп и преходна загуба на съзнание,D16,Безопасност,Червените флагове са ясно обозначени,"Няма самостоятелен, визуално обособен раздел „Червени флагове“ (обещан в README за всяка глава); червените флагове са разпръснати в таблиците и безопасната стратегия.",Структура на главата,среден,Добавете каре „Червени флагове“ преди изследванията с еднотипна маркировка.,0.85
11,Глава 11. Синкоп и преходна загуба на съзнание,I37,Език,Съкращенията са дефинирани при първа употреба,„КК“ (креатинкиназа) се използва без дефиниция и липсва в списъка със съкращения.,Текст/таблици,нисък,Добавете „КК — креатинкиназа“ в README и изпишете при първа употреба.,0.95
12,Глава 12. Артериална хипертония: първична срещу вторична,D17,Безопасност,Ясни критерии кога да се насочи пациентът,Няма отделен раздел за насочване (обещан в README като „Особености в общата практика“); критериите са само в текста/алгоритъма.,Структура на главата,среден,Добавете таблица „Насочване: спешно (същия ден) / бързо (до 2 седмици) / планово“.,0.8
12,Глава 12. Артериална хипертония: първична срещу вторична,I36,Език,Последователна терминология,"Използва се „МР“ (напр. „МР ангиография“), докато в 36 глави е „ЯМР“.",Текст,нисък,Уеднаквете към „ЯМР“/„ЯМР ангиография“.,0.9
12,Глава 12. Артериална хипертония: първична срещу вторична,I35,Език,Граматика и правопис,Правописна грешка: „глюкокортикоид-повлиявал алдостеронизъм“.,2.1. Причини — редки моногенни форми,нисък,„глюкокортикоид-повлияван алдостеронизъм“.,0.95
13,Глава 13. Сърдечни шумове и сърдечна недостатъчност,D16,Безопасност,Червените флагове са ясно обозначени,"Няма самостоятелен, визуално обособен раздел „Червени флагове“ (обещан в README за всяка глава); червените флагове са разпръснати в таблиците и безопасната стратегия.",Структура на главата,среден,Добавете каре „Червени флагове“ преди изследванията с еднотипна маркировка.,0.85
13,Глава 13. Сърдечни шумове и сърдечна недостатъчност,D17,Безопасност,Ясни критерии кога да се насочи пациентът,Няма отделен раздел за насочване (обещан в README като „Особености в общата практика“); критериите са само в текста/алгоритъма.,Структура на главата,среден,Добавете таблица „Насочване: спешно (същия ден) / бързо (до 2 седмици) / планово“.,0.8
13,Глава 13. Сърдечни шумове и сърдечна недостатъчност,A3,Метаданни и структура,Съдържанието съответства на заглавията и обявената структура,"Липсва раздел „Безопасна диагностична стратегия“, задължителен по обявената структура.",Структура на главата,среден,Добавете таблицата с 5-те въпроса на Murtagh за всяка от темите в главата.,0.95
14,Глава 14. Болка и оток на крайниците от съдов произход,D16,Безопасност,Червените флагове са ясно обозначени,"Няма самостоятелен, визуално обособен раздел „Червени флагове“ (обещан в README за всяка глава); червените флагове са разпръснати в таблиците и безопасната стратегия.",Структура на главата,среден,Добавете каре „Червени флагове“ преди изследванията с еднотипна маркировка.,0.85
14,Глава 14. Болка и оток на крайниците от съдов произход,D17,Безопасност,Ясни критерии кога да се насочи пациентът,Няма отделен раздел за насочване (обещан в README като „Особености в общата практика“); критериите са само в текста/алгоритъма.,Структура на главата,среден,Добавете таблица „Насочване: спешно (същия ден) / бързо (до 2 седмици) / планово“.,0.8
14,Глава 14. Болка и оток на крайниците от съдов произход,I36,Език,Последователна терминология,"Използва се „МР“ (напр. „МР ангиография“), докато в 36 глави е „ЯМР“.",Текст,нисък,Уеднаквете към „ЯМР“/„ЯМР ангиография“.,0.9
15,Глава 15. Задух,D17,Безопасност,Ясни критерии кога да се насочи пациентът,Няма отделен раздел за насочване (обещан в README като „Особености в общата практика“); критериите са само в текста/алгоритъма.,Структура на главата,среден,Добавете таблица „Насочване: спешно (същия ден) / бързо (до 2 седмици) / планово“.,0.8
15,Глава 15. Задух,I37,Език,Съкращенията са дефинирани при първа употреба,Съкращението „ХТЕБХ“ не е дефинирано в главата и липсва в списъка със съкращения.,Алгоритъм/таблица,нисък,Изпишете термина при първа употреба и добавете „ХТЕБХ“ в README.,0.9
15,Глава 15. Задух,C14,Научна точност,Липса на фактологични грешки,"mMRC е скала на британския Medical Research Council („Съвет за медицински изследвания“), а не на „Британския медицински съвет“.",1.1. Заглавие на скалата,нисък,„Модифицирана скала за задух на Съвета за медицински изследвания на Великобритания (mMRC)“.,0.9
16,Глава 16. Кашлица,D17,Безопасност,Ясни критерии кога да се насочи пациентът,Няма отделен раздел за насочване (обещан в README като „Особености в общата практика“); критериите са само в текста/алгоритъма.,Структура на главата,среден,Добавете таблица „Насочване: спешно (същия ден) / бързо (до 2 седмици) / планово“.,0.8
16,Глава 16. Кашлица,C15,Научна точност,"Алгоритмите съответстват на ръководствата (NICE, ESC, национални)","Препоръката за ваксинация срещу коклюш при бременни е дадена само като „през третия триместър“; националните схеми варират (напр. UK от 16-та, оптимално 20–32 г.с.; CDC 27–36 г.с.).",14. Клиничен случай — Обсъждане,нисък,Формулирайте „през II–III триместър според националния имунизационен календар“ с посочен източник и дата.,0.7
17,Глава 17. Хемоптиза,D17,Безопасност,Ясни критерии кога да се насочи пациентът,Няма отделен раздел за насочване (обещан в README като „Особености в общата практика“); критериите са само в текста/алгоритъма.,Структура на главата,среден,Добавете таблица „Насочване: спешно (същия ден) / бързо (до 2 седмици) / планово“.,0.8
17,Глава 17. Хемоптиза,I37,Език,Съкращенията са дефинирани при първа употреба,Съкращението „ГИ“ не е дефинирано в главата и липсва в списъка със съкращения.,Алгоритъм/таблица,нисък,Изпишете термина при първа употреба и добавете „ГИ“ в README.,0.9
18,"Глава 18. Плеврален излив, белодробни възли и интерстициални промени",D16,Безопасност,Червените флагове са ясно обозначени,"Няма самостоятелен, визуално обособен раздел „Червени флагове“ (обещан в README за всяка глава); червените флагове са разпръснати в таблиците и безопасната стратегия.",Структура на главата,среден,Добавете каре „Червени флагове“ преди изследванията с еднотипна маркировка.,0.85
18,"Глава 18. Плеврален излив, белодробни възли и интерстициални промени",D17,Безопасност,Ясни критерии кога да се насочи пациентът,Няма отделен раздел за насочване (обещан в README като „Особености в общата практика“); критериите са само в текста/алгоритъма.,Структура на главата,среден,Добавете таблица „Насочване: спешно (същия ден) / бързо (до 2 седмици) / планово“.,0.8
18,"Глава 18. Плеврален излив, белодробни възли и интерстициални промени",A3,Метаданни и структура,Съдържанието съответства на заглавията и обявената структура,"Липсва раздел „Безопасна диагностична стратегия“, задължителен по обявената структура.",Структура на главата,среден,Добавете таблицата с 5-те въпроса на Murtagh за всяка от темите в главата.,0.95
19,Глава 19. Остра коремна болка,K43,Консистентност,Липса на противоречия между главите,"Латентният период при отравяне със зелена мухоморка е даден като „6–12 часа“, а в гл. 79 като „6–24 часа“ (правилото „над 6 часа = опасно“).",3. Извънкоремни причини — токсични,нисък,Уеднаквете към „обикновено 6–24 часа (средно около 10–12 часа)“.,0.85
20,Глава 20. Хронична и рецидивираща коремна болка,D16,Безопасност,Червените флагове са ясно обозначени,"Няма самостоятелен, визуално обособен раздел „Червени флагове“ (обещан в README за всяка глава); червените флагове са разпръснати в таблиците и безопасната стратегия.",Структура на главата,среден,Добавете каре „Червени флагове“ преди изследванията с еднотипна маркировка.,0.85
20,Глава 20. Хронична и рецидивираща коремна болка,I36,Език,Последователна терминология,"Използва се „МР“ (напр. „МР ангиография“), докато в 36 глави е „ЯМР“.",Текст,нисък,Уеднаквете към „ЯМР“/„ЯМР ангиография“.,0.9
20,Глава 20. Хронична и рецидивираща коремна болка,I37,Език,Съкращенията са дефинирани при първа употреба,Съкращението „ФСТ“ не е дефинирано в главата и липсва в списъка със съкращения.,Алгоритъм/таблица,нисък,Изпишете термина при първа употреба и добавете „ФСТ“ в README.,0.9
21,"Глава 21. Диспепсия, киселини и дисфагия",D17,Безопасност,Ясни критерии кога да се насочи пациентът,Няма отделен раздел за насочване (обещан в README като „Особености в общата практика“); критериите са само в текста/алгоритъма.,Структура на главата,среден,Добавете таблица „Насочване: спешно (същия ден) / бързо (до 2 седмици) / планово“.,0.8
21,"Глава 21. Диспепсия, киселини и дисфагия",K45,Консистентност,Еднакви термини в цялата книга,"Главата дефинира „ИПП“ като „инхибитори на протонната помпа“, докато README го дефинира като „инфекция на пикочните пътища“ — едно съкращение с две значения в книгата.",Раздел за H. pylori,среден,Резервирайте „ИПП“ само за едното значение в цялата книга.,0.95
21,"Глава 21. Диспепсия, киселини и дисфагия",A2,Метаданни и структура,3–6 измерими учебни цели,"Неизмерима учебна цел: „Да се помни, че дисфагията винаги изисква изследване.…“ (глагол „помни/мисли“ не е наблюдаемо поведение).",Цели на главата,нисък,"Преформулирайте с измерим глагол (разпознава, изброява, разграничава, прилага).",0.9
22,Глава 22. Гадене и повръщане,D17,Безопасност,Ясни критерии кога да се насочи пациентът,Няма отделен раздел за насочване (обещан в README като „Особености в общата практика“); критериите са само в текста/алгоритъма.,Структура на главата,среден,Добавете таблица „Насочване: спешно (същия ден) / бързо (до 2 седмици) / планово“.,0.8
23,Глава 23. Диария,D17,Безопасност,Ясни критерии кога да се насочи пациентът,Няма отделен раздел за насочване (обещан в README като „Особености в общата практика“); критериите са само в текста/алгоритъма.,Структура на главата,среден,Добавете таблица „Насочване: спешно (същия ден) / бързо (до 2 седмици) / планово“.,0.8
23,Глава 23. Диария,K45,Консистентност,Еднакви термини в цялата книга,"„ИПП“ се използва за „инхибитори на протонната помпа“, а в README и в 12 други глави „ИПП“ е „инфекция на пикочните пътища“ — двусмислие.",Раздел за микроскопски колит,среден,Изпишете „инхибитори на протонната помпа“ или въведете отделно съкращение за лекарствата.,0.95
23,Глава 23. Диария,I36,Език,Последователна терминология,"Използва се „МР“ (напр. „МР ангиография“), докато в 36 глави е „ЯМР“.",Текст,нисък,Уеднаквете към „ЯМР“/„ЯМР ангиография“.,0.9
24,Глава 24. Запек и промени в дефекацията,D17,Безопасност,Ясни критерии кога да се насочи пациентът,Няма отделен раздел за насочване (обещан в README като „Особености в общата практика“); критериите са само в текста/алгоритъма.,Структура на главата,среден,Добавете таблица „Насочване: спешно (същия ден) / бързо (до 2 седмици) / планово“.,0.8
25,Глава 25. Кървене от храносмилателния тракт,D16,Безопасност,Червените флагове са ясно обозначени,"Няма самостоятелен, визуално обособен раздел „Червени флагове“ (обещан в README за всяка глава); червените флагове са разпръснати в таблиците и безопасната стратегия.",Структура на главата,среден,Добавете каре „Червени флагове“ преди изследванията с еднотипна маркировка.,0.85
26,"Глава 26. Жълтеница, отклонения в чернодробните показатели и асцит",D16,Безопасност,Червените флагове са ясно обозначени,"Няма самостоятелен, визуално обособен раздел „Червени флагове“ (обещан в README за всяка глава); червените флагове са разпръснати в таблиците и безопасната стратегия.",Структура на главата,среден,Добавете каре „Червени флагове“ преди изследванията с еднотипна маркировка.,0.85
26,"Глава 26. Жълтеница, отклонения в чернодробните показатели и асцит",D17,Безопасност,Ясни критерии кога да се насочи пациентът,Няма отделен раздел за насочване (обещан в README като „Особености в общата практика“); критериите са само в текста/алгоритъма.,Структура на главата,среден,Добавете таблица „Насочване: спешно (същия ден) / бързо (до 2 седмици) / планово“.,0.8
26,"Глава 26. Жълтеница, отклонения в чернодробните показатели и асцит",K45,Консистентност,Еднакви термини в цялата книга,"Amanita phalloides е наречена „бледа мухоморка“, а в гл. 79 — „зелена мухоморка“ (по-разпространеното българско име); латентният период е „6–12 часа“ срещу „6–24 часа“ в гл. 79.",В. Остра чернодробна недостатъчност; 14. Клинични перли,нисък,Използвайте „зелена мухоморка (Amanita phalloides)“ навсякъде и латентен период „6–24 часа“.,0.85
27,Глава 27. Дизурия и симптоми от долните пикочни пътища,D17,Безопасност,Ясни критерии кога да се насочи пациентът,Няма отделен раздел за насочване (обещан в README като „Особености в общата практика“); критериите са само в текста/алгоритъма.,Структура на главата,среден,Добавете таблица „Насочване: спешно (същия ден) / бързо (до 2 седмици) / планово“.,0.8
28,Глава 28. Хематурия и протеинурия,D16,Безопасност,Червените флагове са ясно обозначени,"Няма самостоятелен, визуално обособен раздел „Червени флагове“ (обещан в README за всяка глава); червените флагове са разпръснати в таблиците и безопасната стратегия.",Структура на главата,среден,Добавете каре „Червени флагове“ преди изследванията с еднотипна маркировка.,0.85
29,Глава 29. Остро и хронично бъбречно увреждане,D17,Безопасност,Ясни критерии кога да се насочи пациентът,Няма отделен раздел за насочване (обещан в README като „Особености в общата практика“); критериите са само в текста/алгоритъма.,Структура на главата,среден,Добавете таблица „Насочване: спешно (същия ден) / бързо (до 2 седмици) / планово“.,0.8
29,Глава 29. Остро и хронично бъбречно увреждане,K45,Консистентност,Еднакви термини в цялата книга,"„ИПП (хроничен интерстициален нефрит)“ — тук ИПП означава инхибитори на протонната помпа, в конфликт с README (инфекция на пикочните пътища) — особено объркващо в нефрологична глава.",Таблица с лекарствени причини,среден,Изпишете „инхибитори на протонната помпа“.,0.95
29,Глава 29. Остро и хронично бъбречно увреждане,I37,Език,Съкращенията са дефинирани при първа употреба,Съкращението „ТМА“ не е дефинирано в главата и липсва в списъка със съкращения.,Алгоритъм/таблица,нисък,Изпишете термина при първа употреба и добавете „ТМА“ в README.,0.9
30,Глава 30. Електролитни нарушения,D16,Безопасност,Червените флагове са ясно обозначени,"Няма самостоятелен, визуално обособен раздел „Червени флагове“ (обещан в README за всяка глава); червените флагове са разпръснати в таблиците и безопасната стратегия.",Структура на главата,среден,Добавете каре „Червени флагове“ преди изследванията с еднотипна маркировка.,0.85
30,Глава 30. Електролитни нарушения,D17,Безопасност,Ясни критерии кога да се насочи пациентът,Няма отделен раздел за насочване (обещан в README като „Особености в общата практика“); критериите са само в текста/алгоритъма.,Структура на главата,среден,Добавете таблица „Насочване: спешно (същия ден) / бързо (до 2 седмици) / планово“.,0.8
31,Глава 31. Киселинно-алкални нарушения,D16,Безопасност,Червените флагове са ясно обозначени,"Няма самостоятелен, визуално обособен раздел „Червени флагове“ (обещан в README за всяка глава); червените флагове са разпръснати в таблиците и безопасната стратегия.",Структура на главата,среден,Добавете каре „Червени флагове“ преди изследванията с еднотипна маркировка.,0.85
31,Глава 31. Киселинно-алкални нарушения,D17,Безопасност,Ясни критерии кога да се насочи пациентът,Няма отделен раздел за насочване (обещан в README като „Особености в общата практика“); критериите са само в текста/алгоритъма.,Структура на главата,среден,Добавете таблица „Насочване: спешно (същия ден) / бързо (до 2 седмици) / планово“.,0.8
32,Глава 32. Анемия,D17,Безопасност,Ясни критерии кога да се насочи пациентът,Няма отделен раздел за насочване (обещан в README като „Особености в общата практика“); критериите са само в текста/алгоритъма.,Структура на главата,среден,Добавете таблица „Насочване: спешно (същия ден) / бързо (до 2 седмици) / планово“.,0.8
32,Глава 32. Анемия,I37,Език,Съкращенията са дефинирани при първа употреба,Съкращението „МДС“ не е дефинирано в главата и липсва в списъка със съкращения.,Алгоритъм/таблица,нисък,Изпишете термина при първа употреба и добавете „МДС“ в README.,0.9
32,Глава 32. Анемия,K43,Консистентност,Липса на противоречия между главите,"Анемия по СЗО: Hb < 130 g/l при мъже, но Приложение А дава референтен интервал 135–175 g/l — несъответствие между определение и референция може да обърка читателя.",1. Определение,нисък,"Пояснете в Приложение А, че анемията се дефинира по СЗО (< 130/< 120 g/l), а референтният интервал зависи от лабораторията.",0.8
33,Глава 33. Отклонения в левкоцитите и тромбоцитите; еритроцитоза,D16,Безопасност,Червените флагове са ясно обозначени,"Няма самостоятелен, визуално обособен раздел „Червени флагове“ (обещан в README за всяка глава); червените флагове са разпръснати в таблиците и безопасната стратегия.",Структура на главата,среден,Добавете каре „Червени флагове“ преди изследванията с еднотипна маркировка.,0.85
33,Глава 33. Отклонения в левкоцитите и тромбоцитите; еритроцитоза,D17,Безопасност,Ясни критерии кога да се насочи пациентът,Няма отделен раздел за насочване (обещан в README като „Особености в общата практика“); критериите са само в текста/алгоритъма.,Структура на главата,среден,Добавете таблица „Насочване: спешно (същия ден) / бързо (до 2 седмици) / планово“.,0.8
33,Глава 33. Отклонения в левкоцитите и тромбоцитите; еритроцитоза,K43,Консистентност,Липса на противоречия между главите,Неутропеничен сепсис: „температура ≥ 38 °C“ тук и „над 38 °C“ в гл. 77 — дребно разминаване в определението.,Неутропения,нисък,"Уеднаквете (напр. NICE: > 38 °C или по ESMO/IDSA ≥ 38,3 °C еднократно / ≥ 38,0 °C за 1 час).",0.8
34,Глава 34. Хеморагична диатеза и склонност към тромбози,D16,Безопасност,Червените флагове са ясно обозначени,"Няма самостоятелен, визуално обособен раздел „Червени флагове“ (обещан в README за всяка глава); червените флагове са разпръснати в таблиците и безопасната стратегия.",Структура на главата,среден,Добавете каре „Червени флагове“ преди изследванията с еднотипна маркировка.,0.85
34,Глава 34. Хеморагична диатеза и склонност към тромбози,D17,Безопасност,Ясни критерии кога да се насочи пациентът,Няма отделен раздел за насочване (обещан в README като „Особености в общата практика“); критериите са само в текста/алгоритъма.,Структура на главата,среден,Добавете таблица „Насочване: спешно (същия ден) / бързо (до 2 седмици) / планово“.,0.8
35,Глава 35. Повишени възпалителни показатели и парапротеинемия,D16,Безопасност,Червените флагове са ясно обозначени,"Няма самостоятелен, визуално обособен раздел „Червени флагове“ (обещан в README за всяка глава); червените флагове са разпръснати в таблиците и безопасната стратегия.",Структура на главата,среден,Добавете каре „Червени флагове“ преди изследванията с еднотипна маркировка.,0.85
36,Глава 36. Хипергликемия и хипогликемия,D16,Безопасност,Червените флагове са ясно обозначени,"Няма самостоятелен, визуално обособен раздел „Червени флагове“ (обещан в README за всяка глава); червените флагове са разпръснати в таблиците и безопасната стратегия.",Структура на главата,среден,Добавете каре „Червени флагове“ преди изследванията с еднотипна маркировка.,0.85
36,Глава 36. Хипергликемия и хипогликемия,D17,Безопасност,Ясни критерии кога да се насочи пациентът,Няма отделен раздел за насочване (обещан в README като „Особености в общата практика“); критериите са само в текста/алгоритъма.,Структура на главата,среден,Добавете таблица „Насочване: спешно (същия ден) / бързо (до 2 седмици) / планово“.,0.8
36,Глава 36. Хипергликемия и хипогликемия,K43,Консистентност,Липса на противоречия между главите,"Праговете за преддиабет по HbA1c са дадени двойно (42–47 mmol/mol по СЗО/NICE и 39–47 по ADA), а в Приложение А е само вариантът на ADA — възможно объркване.",Диагностични критерии,нисък,"В Приложение А посочете и двата прага с източник, както в главата.",0.85
37,Глава 37. Заболявания на щитовидната жлеза,D17,Безопасност,Ясни критерии кога да се насочи пациентът,Няма отделен раздел за насочване (обещан в README като „Особености в общата практика“); критериите са само в текста/алгоритъма.,Структура на главата,среден,Добавете таблица „Насочване: спешно (същия ден) / бързо (до 2 седмици) / планово“.,0.8
38,Глава 38. Надбъбречни и хипофизни нарушения; полиурия и полидипсия,D16,Безопасност,Червените флагове са ясно обозначени,"Няма самостоятелен, визуално обособен раздел „Червени флагове“ (обещан в README за всяка глава); червените флагове са разпръснати в таблиците и безопасната стратегия.",Структура на главата,среден,Добавете каре „Червени флагове“ преди изследванията с еднотипна маркировка.,0.85
38,Глава 38. Надбъбречни и хипофизни нарушения; полиурия и полидипсия,D17,Безопасност,Ясни критерии кога да се насочи пациентът,Няма отделен раздел за насочване (обещан в README като „Особености в общата практика“); критериите са само в текста/алгоритъма.,Структура на главата,среден,Добавете таблица „Насочване: спешно (същия ден) / бързо (до 2 седмици) / планово“.,0.8
39,"Глава 39. Хирзутизъм, гинекомастия и хипогонадизъм",D17,Безопасност,Ясни критерии кога да се насочи пациентът,Няма отделен раздел за насочване (обещан в README като „Особености в общата практика“); критериите са само в текста/алгоритъма.,Структура на главата,среден,Добавете таблица „Насочване: спешно (същия ден) / бързо (до 2 седмици) / планово“.,0.8
39,"Глава 39. Хирзутизъм, гинекомастия и хипогонадизъм",I36,Език,Последователна терминология,„ефавиренз“ тук срещу „ефавиренц“ в гл. 74 и Приложение Г.,7. Причини за гинекомастия — лекарства,нисък,Уеднаквете към „ефавиренц“.,0.9
39,"Глава 39. Хирзутизъм, гинекомастия и хипогонадизъм",K45,Консистентност,Еднакви термини в цялата книга,"Използва се старият термин „неалкохолна стеатоза“, а гл. 26 въвежда актуалното наименование MASLD (от 2023 г.).",3. СПКЯ — свързани състояния,нисък,„метаболитно свързано стеатозно чернодробно заболяване (MASLD)“.,0.85
40,Глава 40. Главоболие и лицева болка,D17,Безопасност,Ясни критерии кога да се насочи пациентът,Няма отделен раздел за насочване (обещан в README като „Особености в общата практика“); критериите са само в текста/алгоритъма.,Структура на главата,среден,Добавете таблица „Насочване: спешно (същия ден) / бързо (до 2 седмици) / планово“.,0.8
40,Глава 40. Главоболие и лицева болка,K45,Консистентност,Еднакви термини в цялата книга,"„ИПП“ в списъка с лекарства, причиняващи главоболие, означава инхибитори на протонната помпа — двусмислено спрямо README.",Главоболие от лекарства,нисък,Изпишете „инхибитори на протонната помпа“.,0.95
41,Глава 41. Световъртеж,D17,Безопасност,Ясни критерии кога да се насочи пациентът,Няма отделен раздел за насочване (обещан в README като „Особености в общата практика“); критериите са само в текста/алгоритъма.,Структура на главата,среден,Добавете таблица „Насочване: спешно (същия ден) / бързо (до 2 седмици) / планово“.,0.8
41,Глава 41. Световъртеж,I36,Език,Последователна терминология,"Използва се „МР“ (напр. „МР ангиография“), докато в 36 глави е „ЯМР“.",Текст,нисък,Уеднаквете към „ЯМР“/„ЯМР ангиография“.,0.9
41,Глава 41. Световъртеж,I37,Език,Съкращенията са дефинирани при първа употреба,Съкращението „ППСВ“ не е дефинирано в главата и липсва в списъка със съкращения.,Алгоритъм/таблица,нисък,Изпишете термина при първа употреба и добавете „ППСВ“ в README.,0.9
42,Глава 42. Епилептични пристъпи и неепилептични пароксизмални състояния,D17,Безопасност,Ясни критерии кога да се насочи пациентът,Няма отделен раздел за насочване (обещан в README като „Особености в общата практика“); критериите са само в текста/алгоритъма.,Структура на главата,среден,Добавете таблица „Насочване: спешно (същия ден) / бързо (до 2 седмици) / планово“.,0.8
42,Глава 42. Епилептични пристъпи и неепилептични пароксизмални състояния,I37,Език,Съкращенията са дефинирани при първа употреба,„КК“ (креатинкиназа) се използва без дефиниция и липсва в списъка със съкращения.,Текст/таблици,нисък,Добавете „КК — креатинкиназа“ в README и изпишете при първа употреба.,0.95
43,"Глава 43. Нарушено съзнание, кома и делир",D16,Безопасност,Червените флагове са ясно обозначени,"Няма самостоятелен, визуално обособен раздел „Червени флагове“ (обещан в README за всяка глава); червените флагове са разпръснати в таблиците и безопасната стратегия.",Структура на главата,среден,Добавете каре „Червени флагове“ преди изследванията с еднотипна маркировка.,0.85
43,"Глава 43. Нарушено съзнание, кома и делир",D17,Безопасност,Ясни критерии кога да се насочи пациентът,Няма отделен раздел за насочване (обещан в README като „Особености в общата практика“); критериите са само в текста/алгоритъма.,Структура на главата,среден,Добавете таблица „Насочване: спешно (същия ден) / бързо (до 2 седмици) / планово“.,0.8
43,"Глава 43. Нарушено съзнание, кома и делир",K43,Консистентност,Липса на противоречия между главите,Времевите граници на алкохолната абстиненция се различават между главите: делириум тременс „48–72 часа“ (гл. 43) срещу „48–96 часа“ (гл. 76); абстинентни гърчове „6–48 часа“ (гл. 42) срещу „12–48 часа“ (гл. 76).,5. Причини за делир — лекарства,нисък,"Уеднаквете по един източник (напр. гърчове 6–48 ч., делириум тременс 48–96 ч.) и препращайте към таблицата в гл. 76.",0.85
44,Глава 44. Когнитивни нарушения и деменция,D17,Безопасност,Ясни критерии кога да се насочи пациентът,Няма отделен раздел за насочване (обещан в README като „Особености в общата практика“); критериите са само в текста/алгоритъма.,Структура на главата,среден,Добавете таблица „Насочване: спешно (същия ден) / бързо (до 2 седмици) / планово“.,0.8
45,Глава 45. Остър фокален неврологичен дефицит: инсулт и имитатори,D16,Безопасност,Червените флагове са ясно обозначени,"Няма самостоятелен, визуално обособен раздел „Червени флагове“ (обещан в README за всяка глава); червените флагове са разпръснати в таблиците и безопасната стратегия.",Структура на главата,среден,Добавете каре „Червени флагове“ преди изследванията с еднотипна маркировка.,0.85
46,Глава 46. Мускулна слабост,D17,Безопасност,Ясни критерии кога да се насочи пациентът,Няма отделен раздел за насочване (обещан в README като „Особености в общата практика“); критериите са само в текста/алгоритъма.,Структура на главата,среден,Добавете таблица „Насочване: спешно (същия ден) / бързо (до 2 седмици) / планово“.,0.8
46,Глава 46. Мускулна слабост,I37,Език,Съкращенията са дефинирани при първа употреба,Съкращението „АЛС“ не е дефинирано в главата и липсва в списъка със съкращения.,Алгоритъм/таблица,нисък,Изпишете термина при първа употреба и добавете „АЛС“ в README.,0.9
47,"Глава 47. Изтръпване, парестезии и периферни невропатии",D17,Безопасност,Ясни критерии кога да се насочи пациентът,Няма отделен раздел за насочване (обещан в README като „Особености в общата практика“); критериите са само в текста/алгоритъма.,Структура на главата,среден,Добавете таблица „Насочване: спешно (същия ден) / бързо (до 2 седмици) / планово“.,0.8
48,Глава 48. Тремор и двигателни нарушения,D17,Безопасност,Ясни критерии кога да се насочи пациентът,Няма отделен раздел за насочване (обещан в README като „Особености в общата практика“); критериите са само в текста/алгоритъма.,Структура на главата,среден,Добавете таблица „Насочване: спешно (същия ден) / бързо (до 2 седмици) / планово“.,0.8
50,Глава 50. Болка във врата и рамото,D17,Безопасност,Ясни критерии кога да се насочи пациентът,Няма отделен раздел за насочване (обещан в README като „Особености в общата практика“); критериите са само в текста/алгоритъма.,Структура на главата,среден,Добавете таблица „Насочване: спешно (същия ден) / бързо (до 2 седмици) / планово“.,0.8
50,Глава 50. Болка във врата и рамото,A2,Метаданни и структура,3–6 измерими учебни цели,"Неизмерима учебна цел: „Да се мисли за тумор на Pancoast, миокардна исхемия, дразнене на диафр…“ (глагол „помни/мисли“ не е наблюдаемо поведение).",Цели на главата,нисък,"Преформулирайте с измерим глагол (разпознава, изброява, разграничава, прилага).",0.9
51,Глава 51. Остър моноартрит,D17,Безопасност,Ясни критерии кога да се насочи пациентът,Няма отделен раздел за насочване (обещан в README като „Особености в общата практика“); критериите са само в текста/алгоритъма.,Структура на главата,среден,Добавете таблица „Насочване: спешно (същия ден) / бързо (до 2 седмици) / планово“.,0.8
51,Глава 51. Остър моноартрит,A2,Метаданни и структура,3–6 измерими учебни цели,"Неизмерима учебна цел: „Да се помни, че имуносупресията маскира треската и локалните белези на…“ (глагол „помни/мисли“ не е наблюдаемо поведение).",Цели на главата,нисък,"Преформулирайте с измерим глагол (разпознава, изброява, разграничава, прилага).",0.9
52,Глава 52. Полиартрит и системни заболявания на съединителната тъкан,D17,Безопасност,Ясни критерии кога да се насочи пациентът,Няма отделен раздел за насочване (обещан в README като „Особености в общата практика“); критериите са само в текста/алгоритъма.,Структура на главата,среден,Добавете таблица „Насочване: спешно (същия ден) / бързо (до 2 седмици) / планово“.,0.8
53,"Глава 53. Регионална болка: лакът, китка, тазобедрена става, коляно, глезен и стъпало",D17,Безопасност,Ясни критерии кога да се насочи пациентът,Няма отделен раздел за насочване (обещан в README като „Особености в общата практика“); критериите са само в текста/алгоритъма.,Структура на главата,среден,Добавете таблица „Насочване: спешно (същия ден) / бързо (до 2 седмици) / планово“.,0.8
53,"Глава 53. Регионална болка: лакът, китка, тазобедрена става, коляно, глезен и стъпало",A2,Метаданни и структура,3–6 измерими учебни цели,"Неизмерима учебна цел: „Да се помни отразената болка: тазобедрена става към коляното, гръбначе…“ (глагол „помни/мисли“ не е наблюдаемо поведение).",Цели на главата,нисък,"Преформулирайте с измерим глагол (разпознава, изброява, разграничава, прилага).",0.9
54,Глава 54. Генерализирана мускулно-скелетна болка,D16,Безопасност,Червените флагове са ясно обозначени,"Няма самостоятелен, визуално обособен раздел „Червени флагове“ (обещан в README за всяка глава); червените флагове са разпръснати в таблиците и безопасната стратегия.",Структура на главата,среден,Добавете каре „Червени флагове“ преди изследванията с еднотипна маркировка.,0.85
54,Глава 54. Генерализирана мускулно-скелетна болка,D17,Безопасност,Ясни критерии кога да се насочи пациентът,Няма отделен раздел за насочване (обещан в README като „Особености в общата практика“); критериите са само в текста/алгоритъма.,Структура на главата,среден,Добавете таблица „Насочване: спешно (същия ден) / бързо (до 2 седмици) / планово“.,0.8
54,Глава 54. Генерализирана мускулно-скелетна болка,A2,Метаданни и структура,3–6 измерими учебни цели,"Неизмерима учебна цел: „Да се мисли за метаболитните костни заболявания, ендокринните причини …“ (глагол „помни/мисли“ не е наблюдаемо поведение).",Цели на главата,нисък,"Преформулирайте с измерим глагол (разпознава, изброява, разграничава, прилага).",0.9
54,Глава 54. Генерализирана мускулно-скелетна болка,I37,Език,Съкращенията са дефинирани при първа употреба,„КК“ (креатинкиназа) се използва без дефиниция и липсва в списъка със съкращения.,Текст/таблици,нисък,Добавете „КК — креатинкиназа“ в README и изпишете при първа употреба.,0.95
55,Глава 55. Кожни обриви: морфологичен подход,D16,Безопасност,Червените флагове са ясно обозначени,"Няма самостоятелен, визуално обособен раздел „Червени флагове“ (обещан в README за всяка глава); червените флагове са разпръснати в таблиците и безопасната стратегия.",Структура на главата,среден,Добавете каре „Червени флагове“ преди изследванията с еднотипна маркировка.,0.85
55,Глава 55. Кожни обриви: морфологичен подход,D17,Безопасност,Ясни критерии кога да се насочи пациентът,Няма отделен раздел за насочване (обещан в README като „Особености в общата практика“); критериите са само в текста/алгоритъма.,Структура на главата,среден,Добавете таблица „Насочване: спешно (същия ден) / бързо (до 2 седмици) / планово“.,0.8
55,Глава 55. Кожни обриви: морфологичен подход,A2,Метаданни и структура,3–6 измерими учебни цели,Неизмерима учебна цел: „Да се помни вторичният сифилис като „велик имитатор“.…“ (глагол „помни/мисли“ не е наблюдаемо поведение).,Цели на главата,нисък,"Преформулирайте с измерим глагол (разпознава, изброява, разграничава, прилага).",0.9
55,Глава 55. Кожни обриви: морфологичен подход,K45,Консистентност,Еднакви термини в цялата книга,„ИПП“ в лекарствените причини за подостър кожен лупус означава инхибитори на протонната помпа — двусмислено спрямо README.,Таблица с пръстеновидни лезии,нисък,Изпишете „инхибитори на протонната помпа“.,0.95
55,Глава 55. Кожни обриви: морфологичен подход,I35,Език,Граматика и правопис,Грешка в рода: „Генерализирана пустулозна псориазис“ (псориазис е м.р.),"Раздел 2, таблица „Спешни дерматологични състояния“",нисък,„Генерализиран пустулозен псориазис“,0.9
56,Глава 56. Сърбеж и уртикария,D17,Безопасност,Ясни критерии кога да се насочи пациентът,Няма отделен раздел за насочване (обещан в README като „Особености в общата практика“); критериите са само в текста/алгоритъма.,Структура на главата,среден,Добавете таблица „Насочване: спешно (същия ден) / бързо (до 2 седмици) / планово“.,0.8
57,Глава 57. Пигментни лезии и кожни новообразувания,C14,Научна точност,Липса на фактологични грешки,Терминологична/фактологична грешка: „Себорейна хиперплазия“ — правилното название е „себацейна хиперплазия“ (хиперплазия на мастните жлези); „себорейна“ води до объркване със себорейната кератоза/дерматит,"Раздел 5, таблица „Други чести кожни новообразувания“",среден,Заменете със „Себацейна хиперплазия (хиперплазия на мастните жлези)“,0.9
57,Глава 57. Пигментни лезии и кожни новообразувания,A2,Метаданни и структура,3–6 измерими учебни цели,"Неизмерима учебна цел: „Да се помни, че нодуларният и амеланотичният меланом често не отговаря…“ (глагол „помни/мисли“ не е наблюдаемо поведение).",Цели на главата,нисък,"Преформулирайте с измерим глагол (разпознава, изброява, разграничава, прилага).",0.9
57,Глава 57. Пигментни лезии и кожни новообразувания,I37,Език,Съкращенията са дефинирани при първа употреба,Съкращението „СКК“ не е дефинирано в главата и липсва в списъка със съкращения.,Алгоритъм/таблица,нисък,Изпишете термина при първа употреба и добавете „СКК“ в README.,0.9
58,"Глава 58. Кожни язви, косопад и промени в ноктите",D16,Безопасност,Червените флагове са ясно обозначени,"Няма самостоятелен, визуално обособен раздел „Червени флагове“ (обещан в README за всяка глава); червените флагове са разпръснати в таблиците и безопасната стратегия.",Структура на главата,среден,Добавете каре „Червени флагове“ преди изследванията с еднотипна маркировка.,0.85
58,"Глава 58. Кожни язви, косопад и промени в ноктите",D17,Безопасност,Ясни критерии кога да се насочи пациентът,Няма отделен раздел за насочване (обещан в README като „Особености в общата практика“); критериите са само в текста/алгоритъма.,Структура на главата,среден,Добавете таблица „Насочване: спешно (същия ден) / бързо (до 2 седмици) / планово“.,0.8
58,"Глава 58. Кожни язви, косопад и промени в ноктите",A2,Метаданни и структура,3–6 измерими учебни цели,"Неизмерима учебна цел: „Да се помни, че незарастващата или атипична язва изисква биопсия.…“ (глагол „помни/мисли“ не е наблюдаемо поведение).",Цели на главата,нисък,"Преформулирайте с измерим глагол (разпознава, изброява, разграничава, прилага).",0.9
59,Глава 59. Червено око,D17,Безопасност,Ясни критерии кога да се насочи пациентът,Няма отделен раздел за насочване (обещан в README като „Особености в общата практика“); критериите са само в текста/алгоритъма.,Структура на главата,среден,Добавете таблица „Насочване: спешно (същия ден) / бързо (до 2 седмици) / планово“.,0.8
59,Глава 59. Червено око,A2,Метаданни и структура,3–6 измерими учебни цели,"Неизмерима учебна цел: „Да се помни, че локални кортикостероиди не се предписват при недиагнос…“ (глагол „помни/мисли“ не е наблюдаемо поведение).",Цели на главата,нисък,"Преформулирайте с измерим глагол (разпознава, изброява, разграничава, прилага).",0.9
60,Глава 60. Нарушения на зрението,D16,Безопасност,Червените флагове са ясно обозначени,"Няма самостоятелен, визуално обособен раздел „Червени флагове“ (обещан в README за всяка глава); червените флагове са разпръснати в таблиците и безопасната стратегия.",Структура на главата,среден,Добавете каре „Червени флагове“ преди изследванията с еднотипна маркировка.,0.85
60,Глава 60. Нарушения на зрението,D17,Безопасност,Ясни критерии кога да се насочи пациентът,Няма отделен раздел за насочване (обещан в README като „Особености в общата практика“); критериите са само в текста/алгоритъма.,Структура на главата,среден,Добавете таблица „Насочване: спешно (същия ден) / бързо (до 2 седмици) / планово“.,0.8
61,"Глава 61. Болка в ухото, намален слух и шум в ушите",D17,Безопасност,Ясни критерии кога да се насочи пациентът,Няма отделен раздел за насочване (обещан в README като „Особености в общата практика“); критериите са само в текста/алгоритъма.,Структура на главата,среден,Добавете таблица „Насочване: спешно (същия ден) / бързо (до 2 седмици) / планово“.,0.8
61,"Глава 61. Болка в ухото, намален слух и шум в ушите",A2,Метаданни и структура,3–6 измерими учебни цели,"Неизмерима учебна цел: „Да се помни, че упоритата болка в ухото при нормален отоскопски статус…“ (глагол „помни/мисли“ не е наблюдаемо поведение).",Цели на главата,нисък,"Преформулирайте с измерим глагол (разпознава, изброява, разграничава, прилага).",0.9
61,"Глава 61. Болка в ухото, намален слух и шум в ушите",I36,Език,Последователна терминология,"Използва се „МР“ (напр. „МР ангиография“), докато в 36 глави е „ЯМР“.",Текст,нисък,Уеднаквете към „ЯМР“/„ЯМР ангиография“.,0.9
61,"Глава 61. Болка в ухото, намален слух и шум в ушите",I37,Език,Съкращенията са дефинирани при първа употреба,Съкращението „ТМС“ не е дефинирано в главата и липсва в списъка със съкращения.,Алгоритъм/таблица,нисък,Изпишете термина при първа употреба и добавете „ТМС“ в README.,0.9
62,"Глава 62. Гърло, нос, устна кухина и шия",D17,Безопасност,Ясни критерии кога да се насочи пациентът,Няма отделен раздел за насочване (обещан в README като „Особености в общата практика“); критериите са само в текста/алгоритъма.,Структура на главата,среден,Добавете таблица „Насочване: спешно (същия ден) / бързо (до 2 седмици) / планово“.,0.8
62,"Глава 62. Гърло, нос, устна кухина и шия",A2,Метаданни и структура,3–6 измерими учебни цели,"Неизмерима учебна цел: „Да се помни, че дрезгавият глас над 3 седмици изисква ларингоскопия.…“ (глагол „помни/мисли“ не е наблюдаемо поведение).",Цели на главата,нисък,"Преформулирайте с измерим глагол (разпознава, изброява, разграничава, прилага).",0.9
62,"Глава 62. Гърло, нос, устна кухина и шия",I35,Език,Граматика и правопис,Грешка в рода: „„гореща картоф“ реч“ (картоф е м.р.); изразът е калка от английски,"Раздел 2, таблица „Опасни причини“, ред „Перитонзиларен абсцес“",нисък,„приглушена реч („като с горещ картоф в устата“)“,0.9
62,"Глава 62. Гърло, нос, устна кухина и шия",K45,Консистентност,Еднакви термини в цялата книга,Два почти синонимни термина с различно съдържание: „Медикаментозен ринит“ (рикошетен от деконгестанти) и „Лекарствен ринит“ (системни лекарства) — читателят трудно ги разграничава,"Раздел 5, таблица „Ринит и риносинузит“",нисък,"„Rhinitis medicamentosa (рикошетен ринит от деконгестанти)“ и „Ринит, индуциран от системни лекарства“",0.75
63,Глава 63. Аменорея и анормално маточно кървене,D17,Безопасност,Ясни критерии кога да се насочи пациентът,Няма отделен раздел за насочване (обещан в README като „Особености в общата практика“); критериите са само в текста/алгоритъма.,Структура на главата,среден,Добавете таблица „Насочване: спешно (същия ден) / бързо (до 2 седмици) / планово“.,0.8
63,Глава 63. Аменорея и анормално маточно кървене,C15,Научна точност,"Алгоритмите съответстват на ръководствата (NICE, ESC, национални)",Критерият за преждевременна овариална недостатъчност („FSH > 25 IU/l при две изследвания с интервал ≥ 4 седмици“) следва ESHRE 2016; актуализираното ръководство ESHRE 2024 допуска едно повишено FSH с повторение само при диагностична несигурност,"Раздел 3, таблица, ред „Преждевременна овариална недостатъчност“; алгоритъм, възел H",нисък,Посочете източника и годината; добавете „(ESHRE 2024: достатъчно е едно измерване при типична клиника; повторно — при несигурност)“,0.6
64,Глава 64. Тазова болка и вагинално течение,D16,Безопасност,Червените флагове са ясно обозначени,"Няма самостоятелен, визуално обособен раздел „Червени флагове“ (обещан в README за всяка глава); червените флагове са разпръснати в таблиците и безопасната стратегия.",Структура на главата,среден,Добавете каре „Червени флагове“ преди изследванията с еднотипна маркировка.,0.85
64,Глава 64. Тазова болка и вагинално течение,D17,Безопасност,Ясни критерии кога да се насочи пациентът,Няма отделен раздел за насочване (обещан в README като „Особености в общата практика“); критериите са само в текста/алгоритъма.,Структура на главата,среден,Добавете таблица „Насочване: спешно (същия ден) / бързо (до 2 седмици) / планово“.,0.8
65,Глава 65. Заболявания на гърдата,D16,Безопасност,Червените флагове са ясно обозначени,"Няма самостоятелен, визуално обособен раздел „Червени флагове“ (обещан в README за всяка глава); червените флагове са разпръснати в таблиците и безопасната стратегия.",Структура на главата,среден,Добавете каре „Червени флагове“ преди изследванията с еднотипна маркировка.,0.85
66,Глава 66. Диференциална диагноза по време на бременност,D17,Безопасност,Ясни критерии кога да се насочи пациентът,Няма отделен раздел за насочване (обещан в README като „Особености в общата практика“); критериите са само в текста/алгоритъма.,Структура на главата,среден,Добавете таблица „Насочване: спешно (същия ден) / бързо (до 2 седмици) / планово“.,0.8
67,"Глава 67. Мъжко здраве: скротум, пенис и сексуална функция",D16,Безопасност,Червените флагове са ясно обозначени,"Няма самостоятелен, визуално обособен раздел „Червени флагове“ (обещан в README за всяка глава); червените флагове са разпръснати в таблиците и безопасната стратегия.",Структура на главата,среден,Добавете каре „Червени флагове“ преди изследванията с еднотипна маркировка.,0.85
67,"Глава 67. Мъжко здраве: скротум, пенис и сексуална функция",D17,Безопасност,Ясни критерии кога да се насочи пациентът,Няма отделен раздел за насочване (обещан в README като „Особености в общата практика“); критериите са само в текста/алгоритъма.,Структура на главата,среден,Добавете таблица „Насочване: спешно (същия ден) / бързо (до 2 седмици) / планово“.,0.8
68,Глава 68. Фебрилното дете,D16,Безопасност,Червените флагове са ясно обозначени,"Няма самостоятелен, визуално обособен раздел „Червени флагове“ (обещан в README за всяка глава); червените флагове са разпръснати в таблиците и безопасната стратегия.",Структура на главата,среден,Добавете каре „Червени флагове“ преди изследванията с еднотипна маркировка.,0.85
68,Глава 68. Фебрилното дете,A2,Метаданни и структура,3–6 измерими учебни цели,"Неизмерима учебна цел: „Да се помни, че инфекцията на пикочните пътища е най-честата сериозна …“ (глагол „помни/мисли“ не е наблюдаемо поведение).",Цели на главата,нисък,"Преформулирайте с измерим глагол (разпознава, изброява, разграничава, прилага).",0.9
69,Глава 69. Обриви в детската възраст,D16,Безопасност,Червените флагове са ясно обозначени,"Няма самостоятелен, визуално обособен раздел „Червени флагове“ (обещан в README за всяка глава); червените флагове са разпръснати в таблиците и безопасната стратегия.",Структура на главата,среден,Добавете каре „Червени флагове“ преди изследванията с еднотипна маркировка.,0.85
69,Глава 69. Обриви в детската възраст,D17,Безопасност,Ясни критерии кога да се насочи пациентът,Няма отделен раздел за насочване (обещан в README като „Особености в общата практика“); критериите са само в текста/алгоритъма.,Структура на главата,среден,Добавете таблица „Насочване: спешно (същия ден) / бързо (до 2 седмици) / планово“.,0.8
69,Глава 69. Обриви в детската възраст,D18,Безопасност,Дозите са проверени и съответстват на ръководствата,"Препоръчва се бензилпеницилин i.m./i.v. в общата практика преди транспорта при подозрение за менингококова болест, но без възрастово-специфична доза — точно в ситуацията, в която лекарят няма време да търси",Раздел 3.1 „Поведение в общата практика“; клиничен случай,среден,"Добавете дозите (NICE NG240, 2024): < 1 г. — 300 mg; 1–9 г. — 600 mg; ≥ 10 г. и възрастни — 1,2 g i.m./i.v.; при анафилаксия към пеницилин — цефтриаксон/хлорамфеникол по протокол",0.85
69,Глава 69. Обриви в детската възраст,A2,Метаданни и структура,3–6 измерими учебни цели,Неизмерима учебна цел: „Да се мисли за насилие при необичайни синини.…“ (глагол „помни/мисли“ не е наблюдаемо поведение).,Цели на главата,нисък,"Преформулирайте с измерим глагол (разпознава, изброява, разграничава, прилага).",0.9
69,Глава 69. Обриви в детската възраст,C14,Научна точност,Липса на фактологични грешки,"Остаряло твърдение: „амоксицилин + EBV дава обрив при почти всички“ — съвременни проучвания (напр. Chovel-Sella 2013) показват обрив при около 30% от децата с мононуклеоза, лекувани с амоксицилин; цифрата 80–100% е от 60-те години (ампицилин)","Раздел 5, таблица „Лекарствени обриви“, ред „Морбилиформен лекарствен обрив“",нисък,"„…дава обрив при значителна част (около 30%, по-стари данни — до 80–100%) и обикновено не означава трайна алергия“",0.75
70,"Глава 70. Коремна болка, повръщане и диария при деца",D16,Безопасност,Червените флагове са ясно обозначени,"Няма самостоятелен, визуално обособен раздел „Червени флагове“ (обещан в README за всяка глава); червените флагове са разпръснати в таблиците и безопасната стратегия.",Структура на главата,среден,Добавете каре „Червени флагове“ преди изследванията с еднотипна маркировка.,0.85
70,"Глава 70. Коремна болка, повръщане и диария при деца",D17,Безопасност,Ясни критерии кога да се насочи пациентът,Няма отделен раздел за насочване (обещан в README като „Особености в общата практика“); критериите са само в текста/алгоритъма.,Структура на главата,среден,Добавете таблица „Насочване: спешно (същия ден) / бързо (до 2 седмици) / планово“.,0.8
70,"Глава 70. Коремна болка, повръщане и диария при деца",C14,Научна точност,Липса на фактологични грешки,"Изкривено предаване на рисковите групи по NICE CG84: „кърмачета под 6 месеца (особено под 1 година с ниско тегло при раждане)“ — в NICE е „деца под 1 година, особено под 6 месеца“ и отделно „кърмачета с ниско тегло при раждане“","Раздел 3.2, абзац „Рискови групи“ под таблицата за дехидратация",среден,„деца под 1 година (особено под 6 месеца); кърмачета с ниско тегло при раждане; > 5 диарийни изхождания или > 2 повръщания за 24 часа; …“,0.85
70,"Глава 70. Коремна болка, повръщане и диария при деца",A2,Метаданни и структура,3–6 измерими учебни цели,"Неизмерима учебна цел: „Да се помни, че **жлъчното (зелено) повръщане** при кърмаче е хирургич…“ (глагол „помни/мисли“ не е наблюдаемо поведение).",Цели на главата,нисък,"Преформулирайте с измерим глагол (разпознава, изброява, разграничава, прилага).",0.9
70,"Глава 70. Коремна болка, повръщане и диария при деца",I35,Език,Граматика и правопис,Правописна грешка: „Шадравано (проектилно) повръщане“ — прилагателното е „шадраванно“ (от „шадраван“),"Раздел 2.1, таблица, ред „Хипертрофична пилорна стеноза“",нисък,„Шадраванно (проектилно) повръщане“,0.8
70,"Глава 70. Коремна болка, повръщане и диария при деца",I36,Език,Последователна терминология,Неточен превод на класическия термин „redcurrant jelly stool“: „желе от касис“ (касис = черно френско грозде); използва се на две места,Раздел 1.1 и таблица в раздел 5 (инвагинация); клинична перла,нисък,„изпражнения като желе от червено френско грозде“ или описателно „кървави слузни изпражнения“,0.65
71,Глава 71. Дихателни симптоми при деца,D16,Безопасност,Червените флагове са ясно обозначени,"Няма самостоятелен, визуално обособен раздел „Червени флагове“ (обещан в README за всяка глава); червените флагове са разпръснати в таблиците и безопасната стратегия.",Структура на главата,среден,Добавете каре „Червени флагове“ преди изследванията с еднотипна маркировка.,0.85
71,Глава 71. Дихателни симптоми при деца,D17,Безопасност,Ясни критерии кога да се насочи пациентът,Няма отделен раздел за насочване (обещан в README като „Особености в общата практика“); критериите са само в текста/алгоритъма.,Структура на главата,среден,Добавете таблица „Насочване: спешно (същия ден) / бързо (до 2 седмици) / планово“.,0.8
72,Глава 72. Накуцване и болки в крайниците при деца,D16,Безопасност,Червените флагове са ясно обозначени,"Няма самостоятелен, визуално обособен раздел „Червени флагове“ (обещан в README за всяка глава); червените флагове са разпръснати в таблиците и безопасната стратегия.",Структура на главата,среден,Добавете каре „Червени флагове“ преди изследванията с еднотипна маркировка.,0.85
72,Глава 72. Накуцване и болки в крайниците при деца,D17,Безопасност,Ясни критерии кога да се насочи пациентът,Няма отделен раздел за насочване (обещан в README като „Особености в общата практика“); критериите са само в текста/алгоритъма.,Структура на главата,среден,Добавете таблица „Насочване: спешно (същия ден) / бързо (до 2 седмици) / планово“.,0.8
73,"Глава 73. Новороденото и кърмачето: жълтеница, плач, растеж и развитие",I37,Език,Съкращенията са дефинирани при първа употреба,„КК“ (креатинкиназа) се използва без дефиниция и липсва в списъка със съкращения.,Текст/таблици,нисък,Добавете „КК — креатинкиназа“ в README и изпишете при първа употреба.,0.95
73,"Глава 73. Новороденото и кърмачето: жълтеница, плач, растеж и развитие",I36,Език,Последователна терминология,"Използва се „TSH“ (2×), докато в останалите 31 глави е „ТСХ“ (92×).",Текст/таблици,нисък,Уеднаквете обозначението (ТСХ или TSH) в цялата книга.,0.9
73,"Глава 73. Новороденото и кърмачето: жълтеница, плач, растеж и развитие",C15,Научна точност,"Алгоритмите съответстват на ръководствата (NICE, ESC, национални)","Дефиницията за изоставане в растежа е опростена спрямо NICE NG75: там прагът зависи от началния перцентил (спад през ≥ 1 перцентилно пространство при тегло при раждане < 9-и перцентил; ≥ 2 при 9–91-и; ≥ 3 при > 91-ви), а в текста е само „повече от 2 големи перцентилни линии“",Раздел 3.1 „Определение“,нисък,Цитирайте трите прага по NICE NG75 (2017) и посочете източника,0.8
74,Глава 74. Депресивни и тревожни симптоми,I36,Език,Последователна терминология,"Използва се „TSH“ (3×), докато в останалите 31 глави е „ТСХ“ (92×).",Текст/таблици,нисък,Уеднаквете обозначението (ТСХ или TSH) в цялата книга.,0.9
75,"Глава 75. Психоза, възбуда и поведенчески промени",D16,Безопасност,Червените флагове са ясно обозначени,"Няма самостоятелен, визуално обособен раздел „Червени флагове“ (обещан в README за всяка глава); червените флагове са разпръснати в таблиците и безопасната стратегия.",Структура на главата,среден,Добавете каре „Червени флагове“ преди изследванията с еднотипна маркировка.,0.85
75,"Глава 75. Психоза, възбуда и поведенчески промени",D17,Безопасност,Ясни критерии кога да се насочи пациентът,Няма отделен раздел за насочване (обещан в README като „Особености в общата практика“); критериите са само в текста/алгоритъма.,Структура на главата,среден,Добавете таблица „Насочване: спешно (същия ден) / бързо (до 2 седмици) / планово“.,0.8
75,"Глава 75. Психоза, възбуда и поведенчески промени",I37,Език,Съкращенията са дефинирани при първа употреба,„КК“ (креатинкиназа) се използва без дефиниция и липсва в списъка със съкращения.,Текст/таблици,нисък,Добавете „КК — креатинкиназа“ в README и изпишете при първа употреба.,0.95
75,"Глава 75. Психоза, възбуда и поведенчески промени",I36,Език,Последователна терминология,"Използва се „TSH“ (1×), докато в останалите 31 глави е „ТСХ“ (92×).",Текст/таблици,нисък,Уеднаквете обозначението (ТСХ или TSH) в цялата книга.,0.9
76,Глава 76. Функционални симптоми и употреба на психоактивни вещества,D16,Безопасност,Червените флагове са ясно обозначени,"Няма самостоятелен, визуално обособен раздел „Червени флагове“ (обещан в README за всяка глава); червените флагове са разпръснати в таблиците и безопасната стратегия.",Структура на главата,среден,Добавете каре „Червени флагове“ преди изследванията с еднотипна маркировка.,0.85
76,Глава 76. Функционални симптоми и употреба на психоактивни вещества,D17,Безопасност,Ясни критерии кога да се насочи пациентът,Няма отделен раздел за насочване (обещан в README като „Особености в общата практика“); критериите са само в текста/алгоритъма.,Структура на главата,среден,Добавете таблица „Насочване: спешно (същия ден) / бързо (до 2 седмици) / планово“.,0.8
77,Глава 77. Сепсис и тежко болният пациент,D16,Безопасност,Червените флагове са ясно обозначени,"Няма самостоятелен, визуално обособен раздел „Червени флагове“ (обещан в README за всяка глава); червените флагове са разпръснати в таблиците и безопасната стратегия.",Структура на главата,среден,Добавете каре „Червени флагове“ преди изследванията с еднотипна маркировка.,0.85
77,Глава 77. Сепсис и тежко болният пациент,I37,Език,Съкращенията са дефинирани при първа употреба,Съкращението „ТТП“ не е дефинирано в главата и липсва в списъка със съкращения.,Алгоритъм/таблица,нисък,Изпишете термина при първа употреба и добавете „ТТП“ в README.,0.9
77,Глава 77. Сепсис и тежко болният пациент,I37,Език,Съкращенията са дефинирани при първа употреба,Съкращението „ХУС“ не е дефинирано в главата и липсва в списъка със съкращения.,Алгоритъм/таблица,нисък,Изпишете термина при първа употреба и добавете „ХУС“ в README.,0.9
78,"Глава 78. Шок, анафилаксия и ангиоедем",D16,Безопасност,Червените флагове са ясно обозначени,"Няма самостоятелен, визуално обособен раздел „Червени флагове“ (обещан в README за всяка глава); червените флагове са разпръснати в таблиците и безопасната стратегия.",Структура на главата,среден,Добавете каре „Червени флагове“ преди изследванията с еднотипна маркировка.,0.85
78,"Глава 78. Шок, анафилаксия и ангиоедем",D17,Безопасност,Ясни критерии кога да се насочи пациентът,Няма отделен раздел за насочване (обещан в README като „Особености в общата практика“); критериите са само в текста/алгоритъма.,Структура на главата,среден,Добавете таблица „Насочване: спешно (същия ден) / бързо (до 2 седмици) / планово“.,0.8
78,"Глава 78. Шок, анафилаксия и ангиоедем",K45,Консистентност,Еднакви термини в цялата книга,"Непоследователен термин: „триптаз“ (м.р.) в глава 78 срещу „триптаза“ (ж.р., правилната форма за ензима) в глави 15 и 56","Раздел 2.2 (таблица „Отключващи фактори“, ред „Идиопатична“), раздел 2.4, таблица 2.5 (ред „Мастоцитоза“)",нисък,Навсякъде „серумна/базална триптаза“,0.85
79,Глава 79. Отравяния и токсидроми,D16,Безопасност,Червените флагове са ясно обозначени,"Няма самостоятелен, визуално обособен раздел „Червени флагове“ (обещан в README за всяка глава); червените флагове са разпръснати в таблиците и безопасната стратегия.",Структура на главата,среден,Добавете каре „Червени флагове“ преди изследванията с еднотипна маркировка.,0.85
79,Глава 79. Отравяния и токсидроми,D17,Безопасност,Ясни критерии кога да се насочи пациентът,Няма отделен раздел за насочване (обещан в README като „Особености в общата практика“); критериите са само в текста/алгоритъма.,Структура на главата,среден,Добавете таблица „Насочване: спешно (същия ден) / бързо (до 2 седмици) / планово“.,0.8
79,Глава 79. Отравяния и токсидроми,A2,Метаданни и структура,3–6 измерими учебни цели,"Неизмерима учебна цел: „Да се помни, че **парацетамолът и салицилатите** се изследват при всяк…“ (глагол „помни/мисли“ не е наблюдаемо поведение).",Цели на главата,нисък,"Преформулирайте с измерим глагол (разпознава, изброява, разграничава, прилага).",0.9
79,Глава 79. Отравяния и токсидроми,I37,Език,Съкращенията са дефинирани при първа употреба,„КК“ (креатинкиназа) се използва без дефиниция и липсва в списъка със съкращения.,Текст/таблици,нисък,Добавете „КК — креатинкиназа“ в README и изпишете при първа употреба.,0.95
79,Глава 79. Отравяния и токсидроми,C14,Научна точност,Липса на фактологични грешки,"Неточно наименование: синдромът е обозначен „Фалоидин (аматоксин)“, но фалоидинът е фалотоксин (не се резорбира и не е причина за чернодробната некроза); токсичните вещества са аматоксините (α-аманитин)","Раздел 4.4, таблица „Гъби“, ред „6–24 часа“",нисък,„Фалоиден синдром (аматоксини — α-аманитин)“,0.8
80,"Глава 80. Треска след пътуване, ендемични инфекции и имунокомпрометиран пациент",D16,Безопасност,Червените флагове са ясно обозначени,"Няма самостоятелен, визуално обособен раздел „Червени флагове“ (обещан в README за всяка глава); червените флагове са разпръснати в таблиците и безопасната стратегия.",Структура на главата,среден,Добавете каре „Червени флагове“ преди изследванията с еднотипна маркировка.,0.85
80,"Глава 80. Треска след пътуване, ендемични инфекции и имунокомпрометиран пациент",D17,Безопасност,Ясни критерии кога да се насочи пациентът,Няма отделен раздел за насочване (обещан в README като „Особености в общата практика“); критериите са само в текста/алгоритъма.,Структура на главата,среден,Добавете таблица „Насочване: спешно (същия ден) / бързо (до 2 седмици) / планово“.,0.8
80,"Глава 80. Треска след пътуване, ендемични инфекции и имунокомпрометиран пациент",A2,Метаданни и структура,3–6 измерими учебни цели,"Неизмерима учебна цел: „Да се помни, че **треската след престой в тропически район е малария, …“ (глагол „помни/мисли“ не е наблюдаемо поведение).",Цели на главата,нисък,"Преформулирайте с измерим глагол (разпознава, изброява, разграничава, прилага).",0.9
80,"Глава 80. Треска след пътуване, ендемични инфекции и имунокомпрометиран пациент",I37,Език,Съкращенията са дефинирани при първа употреба,Съкращението „РЗИ“ не е дефинирано в главата и липсва в списъка със съкращения.,Алгоритъм/таблица,нисък,Изпишете термина при първа употреба и добавете „РЗИ“ в README.,0.9
80,"Глава 80. Треска след пътуване, ендемични инфекции и имунокомпрометиран пациент",I37,Език,Съкращенията са дефинирани при първа употреба,„КК“ (креатинкиназа) се използва без дефиниция и липсва в списъка със съкращения.,Текст/таблици,нисък,Добавете „КК — креатинкиназа“ в README и изпишете при първа употреба.,0.95
80,"Глава 80. Треска след пътуване, ендемични инфекции и имунокомпрометиран пациент",C15,Научна точност,"Алгоритмите съответстват на ръководствата (NICE, ESC, национални)",Критерият за хиперпаразитемия „над 5% в ендемични райони“ е остарял — актуалните критерии на СЗО (2015/2022) за тежка малария използват > 10%; прагът > 2% (за неимунни пътуващи) е по британските препоръки (UKHSA/BIA),"Раздел 3.1, „Критерии за тежка малария“",нисък,"„паразитемия > 2% (неимунни пътуващи, UK) или > 10% (СЗО)“ с посочване на източниците",0.65
81,"Глава 81. Възрастният пациент: падания, функционален упадък и атипично представяне",D16,Безопасност,Червените флагове са ясно обозначени,"Няма самостоятелен, визуално обособен раздел „Червени флагове“ (обещан в README за всяка глава); червените флагове са разпръснати в таблиците и безопасната стратегия.",Структура на главата,среден,Добавете каре „Червени флагове“ преди изследванията с еднотипна маркировка.,0.85
81,"Глава 81. Възрастният пациент: падания, функционален упадък и атипично представяне",D17,Безопасност,Ясни критерии кога да се насочи пациентът,Няма отделен раздел за насочване (обещан в README като „Особености в общата практика“); критериите са само в текста/алгоритъма.,Структура на главата,среден,Добавете таблица „Насочване: спешно (същия ден) / бързо (до 2 седмици) / планово“.,0.8
81,"Глава 81. Възрастният пациент: падания, функционален упадък и атипично представяне",I37,Език,Съкращенията са дефинирани при първа употреба,Съкращението „НОАК“ не е дефинирано в главата и липсва в списъка със съкращения.,Алгоритъм/таблица,нисък,Изпишете термина при първа употреба и добавете „НОАК“ в README.,0.9
81,"Глава 81. Възрастният пациент: падания, функционален упадък и атипично представяне",I37,Език,Съкращенията са дефинирани при първа употреба,„КК“ (креатинкиназа) се използва без дефиниция и липсва в списъка със съкращения.,Текст/таблици,нисък,Добавете „КК — креатинкиназа“ в README и изпишете при първа употреба.,0.95
81,"Глава 81. Възрастният пациент: падания, функционален упадък и атипично представяне",I36,Език,Последователна терминология,"Използва се „TSH“ (1×), докато в останалите 31 глави е „ТСХ“ (92×).",Текст/таблици,нисък,Уеднаквете обозначението (ТСХ или TSH) в цялата книга.,0.9
81,"Глава 81. Възрастният пациент: падания, функционален упадък и атипично представяне",C14,Научна точност,Липса на фактологични грешки,"Историческа неточност: „Петте гериатрични гиганта (по Isaacs)“ — B. Isaacs описва четири „гиганта“ (immobility, instability, incontinence, intellectual impairment); ятрогенията е добавена по-късно от други автори",Раздел 1.2 „Неспецифични прояви на остро заболяване“,нисък,„Гериатричните гиганти (по Isaacs — четири; по-късно е добавена и ятрогенията)“,0.7
А,Приложение А. Референтни стойности на основните лабораторни показатели,I36,Език,Последователна терминология,"Използва се „TSH“ (1×), докато в останалите 31 глави е „ТСХ“ (92×).",Текст/таблици,нисък,Уеднаквете обозначението (ТСХ или TSH) в цялата книга.,0.9
Б,Приложение Б. Червени флагове по системи,C15,Научна точност,"Алгоритмите съответстват на ръководствата (NICE, ESC, национални)",Критериите за колоректален карцином са по старата версия на NICE NG12 (възрастови прагове за пряко бързо насочване); след актуализацията от 2023 г. (DG56) NICE препоръчва FIT при симптомни пациенти и бързо насочване при FIT ≥ 10 µg Hb/g,"Раздел 15, ред „Дебело черво“",среден,"Добавете: „При симптоми — FIT; бързо насочване при FIT ≥ 10 µg Hb/g, ректална/коремна формация или силно клинично подозрение (NICE NG12, акт. 2023)“",0.7
Б,Приложение Б. Червени флагове по системи,K43,Консистентност,Липса на противоречия между главите,"Прагът за „незаздравяваща язва“ (> 4–6 седмици) се различава от глава 58 (биопсия при незарастване > 12 седмици / 3 месеца въпреки лечение) и от глава 62 (язва в устата > 3 седмици), без пояснение за различния контекст","Раздел 9 „Кожа“, ред „Незаздравяваща язва“",нисък,"Уточнете: „кожна лезия/язва, която не заздравява > 4–6 седмици (глава 57); язва на подбедрицата > 12 седмици въпреки лечение (глава 58); язва в устата > 3 седмици (глава 62)“",0.65
В,Приложение В. Клинични скали и правила за вземане на решение,H34,Етика и GDPR,Авторски права,"Клиничната скала на немощта (Clinical Frailty Scale, © Rockwood/Dalhousie University) е възпроизведена в преразказ по степени 1–9 без посочване на автора, версията (CFS 2.0, 2020) и без бележка за разрешение; скалата е с авторски права и изисква лиценз за възпроизвеждане в публикации",Раздел 11.1,среден,"Добавете „© 2005–2020 Rockwood, Version 2.0 (EN). All rights reserved. Dalhousie University“ и поискайте разрешение, или заменете таблицата с кратко описание и препратка към официалния източник",0.75
В,Приложение В. Клинични скали и правила за вземане на решение,C11,Научна точност,Твърденията са подкрепени с референции,"Нито една от ~45-те скали и правила няма цитиран първоизточник (напр. Wells 2003, Kline 2004 за PERC, Six 2008 за HEART, Stiell 2001/2003 за Ottawa и канадските правила, Aletaha 2010 за ACR/EULAR, Gewitz 2015 за Jones)",Цялото приложение,среден,Добавете към всяка скала кратка библиографска бележка (Vancouver) и година на валидиране,0.95
Г,Приложение Г. Лекарствено индуцирани симптоми и състояния,C11,Научна точност,Твърденията са подкрепени с референции,"Приложението няма източници (напр. SmPC, BNF, LiverTox, Stockley) и дата на последна проверка, въпреки че самото то съветва „Проверявайте кратките характеристики на продуктите“",Цялото приложение,среден,Добавете раздел „Източници“ и дата на актуализация; за редките асоциации — референция,0.9
Г,Приложение Г. Лекарствено индуцирани симптоми и състояния,I35,Език,Граматика и правопис,"Правописна грешка в името на лекарството: „расбурикараза“ (правилно „расбуриказа“, rasburicase); в гл. 32 е изписано правилно.",5. Кръв и хемостаза — хемолиза при дефицит на Г6ФД,нисък,„расбуриказа“.,0.95
Г,Приложение Г. Лекарствено индуцирани симптоми и състояния,I36,Език,Последователна терминология,Непоследователно изписване на INN: „фуросемид“ в приложение Г срещу „фуроземид“ в глави 29 и 81 (официалното българско наименование е „фуроземид“),Раздел 3 (Панкреатит) и раздел 10 (Булозен пемфигоид),нисък,Уеднаквете на „фуроземид“,0.85
Д,Приложение Д. Препоръчителна литература,G28,Референции,Пълни библиографски данни,"Библиографските записи са непълни: при учебниците липсват година, издание, място на издаване и ISBN; при ръководствата — година/версия; само един запис (Croskerry 2003) има година",Раздели 1–7,среден,"Допълнете всеки запис: автори, заглавие, издание, издател, година (напр. „Murtagh J, et al. Murtagh's General Practice. 8th ed. Sydney: McGraw Hill; 2022.“)",0.95
Д,Приложение Д. Препоръчителна литература,G29,Референции,Единен стил (напр. Vancouver),"Смесен стил на цитиране: някои записи с автори (Vancouver-подобни), други само с удебелено заглавие и издател; ръководствата са описани наративно в таблица",Цялото приложение,среден,"Приложете еднакво Vancouver/ICMJE за всички записи и номерирайте ги, за да се цитират в текста",0.95
Д,Приложение Д. Препоръчителна литература,C12,Научна точност,Посочена дата на актуализация,"Ръководствата са посочени без година/версия (ESC, GINA, GOLD, KDIGO, ADA, Surviving Sepsis), въпреки че текстът подчертава честото им обновяване",Раздел 7.1,среден,"Посочете версия и година на всяко ръководство, използвано в текста (напр. ESC ACS 2023, GINA 2025, GOLD 2025, SSC 2021)",0.9
Д,Приложение Д. Препоръчителна литература,G30,Референции,Работещи връзки и DOI,Връзките са дадени като голи домейни без протокол и без хипервръзка; няма DOI. Автоматична проверка (25.09.2026): 11 от 13 URL отговарят с 200; cks.nice.org.uk и cochranelibrary.com връщат 403 (вероятно защита срещу ботове — изисква ръчна проверка),"Раздели 3, 6, 7.2, 8",нисък,"Използвайте пълни https:// хипервръзки, добавете DOI където има, и дата на последен достъп",0.8
